claim_id,policy_type,driver_age,vehicle_age_years,claim_amount_eur,injuries,police_report
C001,todo_riesgo,29,3.5,1250.50,1,1
C002,basico,54,12,430.00,0,0
C003,terceros_ampliado,41,,2980.00,1,0
C004,todo_riesgo,23,1,18500.75,1,0
C005,basico,60,10,75.20,0,1
C006,terceros_ampliado,27,6,8800.00,1,0
C007,todo_riesgo,45,8,520.00,0,1
C008,basico,33,11,1999.99,0,1
C009,todo_riesgo,26,0.5,25000.00,1,0
C010,terceros_ampliado,58,13,1100.00,0,1
C011,basico,39,,260.40,0,1
C012,terceros_ampliado,30,5,4200.00,1,0
